Sample,Section,Frequency,Measure,Limit,Marge,Verdict
Sample_1,CHAPITRE I. CONCEPTSTHEORIQUES ,0,0,0,0,PASS
Sample_2,I.1.Technologies de développement web ,0,0,0,0,PASS
Sample_3,Les technologies web désignent l'ensemble des outils et des langages utilisés pour créer des sites web et des applications web. Ces technologies permettent de développer,0,0,0,0,PASS
Sample_4,I.1.1. Langages de programmation Web ,0,0,0,0,PASS
Sample_5,I.1.1.1. Définition ,0,0,0,0,PASS
Sample_6,Un langage de programmation web est un langage utilisé pour créer des applications et des sites web interactifs. Il permet aux développeurs de définir et de contrôler le comportement des éléments sur une page web,0,0,0,0,PASS
Sample_7,de données et de communiquer avec d'autres services web.,0,0,0,0,PASS
Sample_8,I.1.1.2. Langages de programmation couramment utilisés ,0,0,0,0,PASS
Sample_9,HTML (HyperText Markup Language): HTML est le langage de balisage de base utilisé pour créer la structure et le contenu des pages web. Il utilise des balises pour définir différents éléments tels que les titres,0,0,0,0,PASS
Sample_10,Avantages de HTML : ,0,0,0,0,PASS
Sample_11,Facile à apprendre et à utiliser. ,0,0,0,0,PASS
Sample_12,Prise en charge par tous les navigateurs web. ,0,0,0,0,PASS
Sample_13,Structure claire et hiérarchique du contenu.,0,0,0,0,PASS
Sample_14,Inconvénients de HTML : ,0,0,0,0,PASS
Sample_15,Limité en termes de fonctionnalités interactives.,0,0,0,0,PASS
Sample_16,Nécessite l'utilisation d'autres langages comme CSS et JavaScript pour une mise en page et une interactivité avancée. ,0,0,0,0,PASS
Sample_17,CSS (Cascading Style Sheets): CSS est un langage de feuille de style utilisé pour décrire la présentation et l'apparence des pages web écrites en HTML. Il permet de contrôler les couleurs,0,0,0,0,PASS
Sample_18,Avantages de CSS : ,0,0,0,0,PASS
Sample_19,Permet une personnalisation complète de l'apparence des pages web. ,0,0,0,0,PASS
Sample_20,Favorise la séparation des préoccupations (separation of concerns) en séparant la présentation du contenu. ,0,0,0,0,PASS
Sample_21,Permet la création de mises en page réactives et adaptables. ,0,0,0,0,PASS
Sample_22,Inconvénients de CSS : ,0,0,0,0,PASS
Sample_23,Difficulté à gérer la compatibilité entre les navigateurs.,0,0,0,0,PASS
Sample_24,Peut nécessiter une connaissance approfondie pour résoudre des problèmes de mise en page complexes. ,0,0,0,0,PASS
Sample_25,JavaScript : JavaScript est un langage de programmation de script côté client qui permet d'ajouter de l'interactivité et de la dynamique aux pages web. Il peut être utilisé pour manipuler le contenu HTML,0,0,0,0,PASS
Sample_26,Avantages de JavaScript : ,0,0,0,0,PASS
Sample_27,Permet l'interaction avec l'utilisateur et la manipulation du contenu web en temps réel. ,0,0,0,0,PASS
Sample_28,Facilite la création d'applications web réactives et interactives. ,0,0,0,0,PASS
Sample_29,Large écosystème de bibliothèques et de Frameworks disponibles. ,0,0,0,0,PASS
Sample_30,Inconvénients de JavaScript : ,0,0,0,0,PASS
Sample_31,Différences de compatibilité entre les navigateurs.,0,0,0,0,PASS
Sample_32,Risques de sécurité potentiels si mal utilisé.,0,0,0,0,PASS
Sample_33,NB : Actuellement il est possible d’exécuter et d’utiliser JavaScript du côté serveur grâce à NodeJs ,0,0,0,0,PASS
Sample_34, PHP (Hypertext Preprocessor): PHP est un langage de script côté serveur largement utilisé pour le développement web. Il est souvent utilisé pour créer des sites web dynamiques et interagir avec les bases de données. PHP est intégré dans le code HTML et peut être utilisé en conjonction avec des bases de données pour créer des applications web puissantes. ,0,0,0,0,PASS
Sample_35,Avantages de PHP : ,0,0,0,0,PASS
Sample_36,Facile à apprendre et à intégrer dans le code HTML.,0,0,0,0,PASS
Sample_37,Grande communauté de développeurs et de ressources en ligne disponibles.,0,0,0,0,PASS
Sample_38,Bonne prise en charge des bases de données. ,0,0,0,0,PASS
Sample_39,Inconvénients de PHP : ,0,0,0,0,PASS
Sample_40,Pas d’inconvénients majeurs à souligner ,0,0,0,0,PASS
Sample_41,Python: Python est un langage de programmation polyvalent qui peut être utilisé pour le développement web,0,0,0,0,PASS
Sample_42,Avantages de Python : ,0,0,0,0,PASS
Sample_43,Syntaxe claire et expressive,0,0,0,0,PASS
Sample_44,Large écosystème de bibliothèques et de frameworks pour le développement web. ,0,0,0,0,PASS
Sample_45,Grande communauté de développeurs et de ressources en ligne. ,0,0,0,0,PASS
Sample_46,Inconvénients de Python : ,0,0,0,0,PASS
Sample_47,Pas d’inconvénients majeurs à souligner,0,0,0,0,PASS
Sample_48,I.1.2. Les Frameworks et les bibliothèques Web ,0,0,0,0,PASS
Sample_49,I.1.2.1. Définitions ,0,0,0,0,PASS
Sample_50,Un Framework est un ensemble de bibliothèques,0,0,0,0,PASS
Sample_51,Une bibliothèque web est un ensemble de fonctions,0,0,0,0,PASS
Sample_52,I.1.2.2. Différences entre Framework et Bibliothèque[6] ,0,0,0,0,PASS
Sample_53,Contrôle de flux : ,0,0,0,0,PASS
Sample_54,Framework : Dans un framework,0,0,0,0,PASS
Sample_55,Bibliothèque : Dans une bibliothèque,0,0,0,0,PASS
Sample_56,Niveau d'abstraction : ,0,0,0,0,PASS
Sample_57,Framework : Un framework fournit une structure et une architecture globale pour le développement d'applications. Il abstrait souvent les détails complexes et fournit des modèles de conception et des conventions prédéfinis. ,0,0,0,0,PASS
Sample_58,Bibliothèque : Une bibliothèque se concentre sur des fonctionnalités spécifiques et ournit des méthodes et des outils pour effectuer des opérations particulières. Elle n'impose pas de structure globale à l'application. ,0,0,0,0,PASS
Sample_59,Flexibilité : ,0,0,0,0,PASS
Sample_60,Framework : Les frameworks sont souvent moins flexibles car ils suivent des conventions et des modèles prédéfinis. Cela peut limiter la liberté de choix et depersonnalisation dans certaines parties de l'application. ,0,0,0,0,PASS
Sample_61,Bibliothèque : Les bibliothèques offrent généralement plus de flexibilité car elles sont utilisées pour des tâches spécifiques et peuvent être intégrées de manière sélective dans une application. Il convient de noter que la distinction entre un framework et une bibliothèque peut parfois être floue,0,0,0,0,PASS
Sample_62,I.1.2.3. Frameworks et bibliothèques Web couramment utilisés ,0,0,0,0,PASS
Sample_63,React (Bibliothèque) : React est une bibliothèque JavaScript développée par Facebook. Elle permet de construire des interfaces utilisateur interactives et réactives en utilisant des composants réutilisables.  ,0,0,0,0,PASS
Sample_64,Avantages :,0,0,0,0,PASS
Sample_65,Réutilisation des composants,0,0,0,0,PASS
Sample_66,Inconvénients : ,0,0,0,0,PASS
Sample_67,Courbe d'apprentissage initiale,0,0,0,0,PASS
Sample_68,Angular (Framework) : Angular est un framework JavaScript développé par Google. Il permet de construire des applications web complètes en utilisant le paradigme du développement dirigé par les composants. [8],0,0,0,0,PASS
Sample_69,Avantages : ,0,0,0,0,PASS
Sample_70,Structure solide et cohérente,0,0,0,0,PASS
Sample_71,Inconvénients : ,0,0,0,0,PASS
Sample_72,Courbe d'apprentissage abrupte,0,0,0,0,PASS
Sample_73,Vue.js (Bibliothèque) :Vue.js est une bibliothèque JavaScript progressive et facile à apprendre. Elle permet de construire des interfaces utilisateur interactives en se concentrant sur la vue des données. [9] ,0,0,0,0,PASS
Sample_74,Avantages :,0,0,0,0,PASS
Sample_75,Courbe d'apprentissage douce,0,0,0,0,PASS
Sample_76,Inconvénients : ,0,0,0,0,PASS
Sample_77,Écosystème moins mature que React ou Angular,0,0,0,0,PASS
Sample_78,Django (Framework) : Django est un framework web Python qui suit le principe du DRY (Don't Repeat Yourself). Il fournit une structure solide pour développer des applications web complexes. [10],0,0,0,0,PASS
Sample_79,Avantages : ,0,0,0,0,PASS
Sample_80,Développement rapide grâce à la génération automatique du code,0,0,0,0,PASS
Sample_81,Inconvénients : ,0,0,0,0,PASS
Sample_82,Courbe d'apprentissage initiale,0,0,0,0,PASS
Sample_83,Flask (Framework) : Flask est un framework web minimaliste écrit en Python. Il met l'accent sur la simplicité et la facilité d'utilisation,0,0,0,0,PASS
Sample_84,Avantages : ,0,0,0,0,PASS
Sample_85,Facilité d'apprentissage et de démarrage,0,0,0,0,PASS
Sample_86,Inconvénients : ,0,0,0,0,PASS
Sample_87,Moins d'opinions et de conventions prédéfinies,0,0,0,0,PASS
Sample_88,Express.js (Framework) : Express.js est un framework web minimaliste et flexible pour Node.js. Il facilite la création d'applications web et d'API en utilisant JavaScript.,0,0,0,0,PASS
Sample_89,Avantages : ,0,0,0,0,PASS
Sample_90,Simple et facile à apprendre,0,0,0,0,PASS
Sample_91,Inconvénients : ,0,0,0,0,PASS
Sample_92,Moins d'opinions et de structure prédéfinies,0,0,0,0,PASS
Sample_93,Laravel (Framework) : Laravel est un framework web écrit en PHP. Il est conçu pour faciliter le développement d'applications web robustes et élégantes en suivant une syntaxe expressive et en offrant de nombreuses fonctionnalités prêtes à l'emploi. ,0,0,0,0,PASS
Sample_94,Avantages : ,0,0,0,0,PASS
Sample_95,Syntaxe claire et expressive,0,0,0,0,PASS
Sample_96,Inconvénients : ,0,0,0,0,PASS
Sample_97,Courbe d'apprentissage initiale,0,0,0,0,PASS
Sample_98,Symfony (Framework) : Symfony est un framework web puissant écrit en PHP. Il suit le principe du développement basé sur des composants et fournit une architecture solide pour la création d'applications web évolutives et performantes. ,0,0,0,0,PASS
Sample_99,Avantages : ,0,0,0,0,PASS
Sample_100,Architecture modulaire basée sur des composants,0,0,0,0,PASS
Sample_101,Inconvénients : ,0,0,0,0,PASS
Sample_102,Courbe d'apprentissage initiale,0,0,0,0,PASS
Sample_103,AdonisJs (Framework) :AdonisJs est un framework web pour Node.js qui facilite le développement d'applications web. Il se concentre sur la simplicité et la productivité,0,0,0,0,PASS
Sample_104,Avantages : ,0,0,0,0,PASS
Sample_105,AdonisJs offre une architecture MVC (Modèle-Vue-Contrôleur) bien définie,0,0,0,0,PASS
Sample_106,Avec Lucid,0,0,0,0,PASS
Sample_107,La courbe d'apprentissage est relativement douce,0,0,0,0,PASS
Sample_108,AdonisJs inclut de nombreuses fonctionnalités prêtes à l'emploi,0,0,0,0,PASS
Sample_109,La documentation est bien structurée et facile à comprendre,0,0,0,0,PASS
Sample_110,Inconvénients : ,0,0,0,0,PASS
Sample_111,Comparé à d'autres frameworks comme Express ou Laravel,0,0,0,0,PASS
Sample_112,Bien qu'il soit performant pour de nombreuses applications,0,0,0,0,PASS
Sample_113,I.1.3. Les CMS ,0,0,0,0,PASS
Sample_114,I.1.3.1. Définition ,0,0,0,0,PASS
Sample_115,Un CMS (Système de gestion de contenu) est une plateforme logicielle utilisée pour créer,0,0,0,0,PASS
Sample_116,Le principal objectif d'un CMS est de simplifier le processus de création et de gestion de contenu en offrant une interface conviviale et des fonctionnalités spécifiques. Grâce à son interface intuitive,0,0,0,0,PASS
Sample_117,I.1.3.2. Avantages des CMS : ,0,0,0,0,PASS
Sample_118,• Facilité d'utilisation : Les CMS sont conçus pour simplifier la création et la gestion de sites web,0,0,0,0,PASS
Sample_119,• Gestion du contenu simplifiée : Les CMS offrent des fonctionnalités de gestion du contenu qui permettent aux utilisateurs de créer,0,0,0,0,PASS
Sample_120,• Personnalisation et flexibilité : Les CMS proposent souvent une vaste gamme de thèmes,0,0,0,0,PASS
Sample_121,• Évolutivité : Les CMS sont conçus pour gérer des sites web de toutes tailles,0,0,0,0,PASS
Sample_122,simple blog personnel aux sites web d'entreprise complexes. Ils offrent des ,0,0,0,0,PASS
Sample_123,fonctionnalités évolutives qui permettent d'ajouter de nouvelles pages,0,0,0,0,PASS
Sample_124,utilisateurs et de développer le site web au fur et à mesure de sa croissance. ,0,0,0,0,PASS
Sample_125,• Mises à jour et sécurité : Les CMS sont régulièrement mis à jour pour améliorer les fonctionnalités,0,0,0,0,PASS
Sample_126,I.1.3.3. Inconvénients des CMS : ,0,0,0,0,PASS
Sample_127,• Courbe d'apprentissage initiale : Certains CMS peuvent présenter une courbe ,0,0,0,0,PASS
Sample_128,d'apprentissage initiale,0,0,0,0,PASS
Sample_129,concepts et les fonctionnalités spécifiques au CMS. Il peut être nécessaire de ,0,0,0,0,PASS
Sample_130,consacrer du temps à l'apprentissage du système et à la compréhension de ses ,0,0,0,0,PASS
Sample_131,fonctionnalités pour utiliser le CMS de manière optimale. ,0,0,0,0,PASS
Sample_132,• Limitations de personnalisation : Bien que les CMS offrent des options de ,0,0,0,0,PASS
Sample_133,personnalisation,0,0,0,0,PASS
Sample_134,web entièrement personnalisé à partir de zéro. Certains CMS peuvent limiter les ,0,0,0,0,PASS
Sample_135,options de conception ou avoir des contraintes sur la mise en page,0,0,0,0,PASS
Sample_136,modèles et des thèmes prédéfinis disponibles. ,0,0,0,0,PASS
Sample_137,• Dépendance vis-à-vis du CMS : L'utilisation d'un CMS peut rendre les utilisateurs dépendants de la plateforme. Cela signifie qu'ils doivent respecter les directives et les fonctionnalités fournies par le CMS,0,0,0,0,PASS
Sample_138,• Performance du site web : Certains CMS peuvent être moins optimisés en termes de performance par rapport à un site web entièrement développé sur mesure. Des fonctionnalités supplémentaires,0,0,0,0,PASS
Sample_139,Les CMS offrent une solution pratique pour créer,0,0,0,0,PASS
Sample_140,I.1.3.4. Les CMS couramment utilisés dans le Web ,0,0,0,0,PASS
Sample_141,WordPress : WordPress est le CMS le plus populaire,0,0,0,0,PASS
Sample_142,Avantages : Facilité d'utilisation,0,0,0,0,PASS
Sample_143,bibliothèque de thèmes et de plugins,0,0,0,0,PASS
Sample_144,Inconvénients : Vulnérabilité aux attaques de sécurité en raison de sa popularité,0,0,0,0,PASS
Sample_145,nécessite des mises à jour régulières,0,0,0,0,PASS
Sample_146,Joomla : Joomla est un CMS populaire et polyvalent. Il est apprécié pour sa flexibilité et ses capacités de gestion des utilisateurs,0,0,0,0,PASS
Sample_147,Avantages : Interface d'administration conviviale,0,0,0,0,PASS
Sample_148,nombreuses extensions disponibles,0,0,0,0,PASS
Sample_149,Inconvénients : Courbe d'apprentissage initiale,0,0,0,0,PASS
Sample_150,disponibles par rapport à WordPress,0,0,0,0,PASS
Sample_151,Drupal : Drupal est un CMS open source qui met l'accent sur la sécurité et la flexibilité. Il est capable de gérer des sites web complexes et hautement personnalisés,0,0,0,0,PASS
Sample_152,Avantages : Haut niveau de personnalisation et de flexibilité,0,0,0,0,PASS
Sample_153,Inconvénients : Courbe d'apprentissage abrupte,0,0,0,0,PASS
Sample_154,Magento : Magento est un CMS conçu spécifiquement pour le commerce électronique. Il offre des fonctionnalités avancées de vente en ligne,0,0,0,0,PASS
Sample_155,Avantages : Puissantes fonctionnalités de commerce électronique,0,0,0,0,PASS
Sample_156,Inconvénients : Courbe d'apprentissage initiale,0,0,0,0,PASS
Sample_157,Shopify : Shopify est une plateforme CMS dédiée au commerce électronique en mode SaaS (Software as a Service). Il permet de créer rapidement et facilement des boutiques en ligne avec des fonctionnalités de vente,0,0,0,0,PASS
Sample_158,Avantages : Facilité d'utilisation,0,0,0,0,PASS
Sample_159,hébergement et sécurité gérés,0,0,0,0,PASS
Sample_160,Inconvénients : Personnalisation limitée par rapport à d'autres CMS,0,0,0,0,PASS
Sample_161,Il est important de noter que la sélection d'un CMS dépend des besoins spécifiques du projet,0,0,0,0,PASS
Sample_162,I.1.4. Les logiciels et programmes utilisés dans le developpement Web ,0,0,0,0,PASS
Sample_163,Le développement Web est un processus complexe qui implique l'utilisation de divers logiciels et programmes pour concevoir,0,0,0,0,PASS
Sample_164,I.1.4.1. Éditeurs de texte et IDE,0,0,0,0,PASS
Sample_165,Les éditeurs de texte sont des logiciels de base utilisés pour écrire et modifier du code source. Ils offrent des fonctionnalités telles que la coloration syntaxique,0,0,0,0,PASS
Sample_166,Les environnements de développement intégrés (IDE) sont des logiciels plus avancés qui offrent des fonctionnalités supplémentaires spécifiquement conçues pour le développement logiciel. Ils incluent souvent un éditeur de texte,0,0,0,0,PASS
Sample_167,I.1.4.2. Systèmes de contrôle de version,0,0,0,0,PASS
Sample_168, Les systèmes de contrôle de version sont des outils qui permettent de gérer les ,0,0,0,0,PASS
Sample_169,modifications apportées au code source d'un projet au fil du temps. Ils enregistrent les différentes versions du code,0,0,0,0,PASS
Sample_170,I.1.4.3. Serveurs Web ,0,0,0,0,PASS
Sample_171,Les serveurs Web sont des logiciels qui permettent de servir des pages Web aux utilisateurs finaux. Ils interprètent les requêtes HTTP et renvoient les fichiers appropriés pour afficher les sites Web. Apache HTTP Server et Nginx sont deux exemples populaires de serveurs Web largement utilisés. Ils offrent des fonctionnalités avancées de configuration,0,0,0,0,PASS
Sample_172,I.1.4.4. Outils de test et de débogage ,0,0,0,0,PASS
Sample_173,Les outils de test et de débogage sont essentiels pour garantir la qualité et la stabilité des sites Web. Ils permettent de détecter et de résoudre les erreurs de code,0,0,0,0,PASS
Sample_174,I.1.4.5. Outils de gestion de projets et de collaboration: ,0,0,0,0,PASS
Sample_175,Pour faciliter la gestion des projets Web,0,0,0,0,PASS
Sample_176,I.2.Technologies de développement mobile ,0,0,0,0,PASS
Sample_177,Dans notre société de plus en plus connectée,0,0,0,0,PASS
Sample_178,I.2.1. Langages de programmation populaires pour le développement des applications mobiles ,0,0,0,0,PASS
Sample_179,Les langages de programmation sont la base du développement mobile. Différents langages sont utilisés pour développer des applications mobiles pour différentes plateformes. Voici une analyse des langages couramment utilisés dans le développement mobile : ,0,0,0,0,PASS
Sample_180,I.2.1.1. Java pour Android ,0,0,0,0,PASS
Sample_181,Java est le langage de programmation principal pour le développement d'applications Android. Il offre une grande flexibilité,0,0,0,0,PASS
Sample_182,I.2.1.2. Kotlin pour Android  ,0,0,0,0,PASS
Sample_183,Kotlin est un langage de programmation moderne développé par JetBrains,0,0,0,0,PASS
Sample_184,I.2.1.3. Swift et Objective-C pour iOS : ,0,0,0,0,PASS
Sample_185,Swift est le langage de programmation moderne utilisé pour le développement ,0,0,0,0,PASS
Sample_186,d'applications iOS. Il est rapide,0,0,0,0,PASS
Sample_187,I.2.1.4. JavaScript pour le développement d'applications hybrides : ,0,0,0,0,PASS
Sample_188,Les frameworks basés sur JavaScript tels que React Native,0,0,0,0,PASS
Sample_189,I.2.2. Frameworks et bibliothèques pour le développement mobile ,0,0,0,0,PASS
Sample_190,Les frameworks et bibliothèques offrent des outils et des fonctionnalités supplémentaires pour faciliter le développement d'applications mobiles. ,0,0,0,0,PASS
Sample_191,Voici une exploration de certains d'entre eux : ,0,0,0,0,PASS
Sample_192,I.2.2.1. Android Studio ,0,0,0,0,PASS
Sample_193,Il s'agit de l'IDE (Integrated Development Environment) principal pour le développement d'applications Android. Il comprend un ensemble complet d'outils,0,0,0,0,PASS
Sample_194,I.2.2.2. Xcode ,0,0,0,0,PASS
Sample_195,L'IDE d'Apple pour le développement iOS. Il offre des fonctionnalités avancées telles que l'éditeur de code en plein écran,0,0,0,0,PASS
Sample_196,I.2.2.3. React Native ,0,0,0,0,PASS
Sample_197,Un framework basé sur JavaScript développé par Facebook,0,0,0,0,PASS
Sample_198,I.2.2.4. Flutter  ,0,0,0,0,PASS
Sample_199,Un framework développé par Google,0,0,0,0,PASS
Sample_200,I.2.3. Plateforme de développement Mobile ,0,0,0,0,PASS
Sample_201,Les plateformes de développement mobile fournissent des outils,0,0,0,0,PASS
Sample_202,I.2.3.1. Android  ,0,0,0,0,PASS
Sample_203,Plateforme de développement mobile de Google,0,0,0,0,PASS
Sample_204,I.2.3.2. iOS : ,0,0,0,0,PASS
Sample_205,Plateforme de développement mobile d'Apple,0,0,0,0,PASS
Sample_206,sécurité renforcée.,0,0,0,0,PASS
Sample_207,I.2.4. Outils de test et de débogage pour le développement mobile ,0,0,0,0,PASS
Sample_208,Les outils de test et de débogage sont essentiels pour garantir la qualité et la stabilité des applications mobiles. Voici une exploration plus détaillée de certains outils couramment utilisés dans le développement mobile : ,0,0,0,0,PASS
Sample_209,I.2.4.1. Android Studio : ,0,0,0,0,PASS
Sample_210,L'IDE d'Android Studio propose des fonctionnalités complètes pour le développement,0,0,0,0,PASS
Sample_211,I.2.4.2. Xcode : ,0,0,0,0,PASS
Sample_212,L'IDE Xcode d'Apple offre des outils de test et de débogage avancés pour le développement d'applications iOS. Il comprend des outils tels que l'Assistant de test,0,0,0,0,PASS
Sample_213,I.2.4.3. Appium : ,0,0,0,0,PASS
Sample_214,Une plateforme open-source pour l'automatisation des tests d'applications mobiles. ,0,0,0,0,PASS
Sample_215,Appium prend en charge les tests multiplateformes et permet d'écrire des scripts de test en utilisant des langages tels que Java,0,0,0,0,PASS
Sample_216,I.2.4.4. Firebase Test Lab  ,0,0,0,0,PASS
Sample_217,Une plateforme de test dans le cloud proposée par Google. Firebase Test Lab permet de tester automatiquement les applications Android et iOS sur une large gamme de périphériques réels,0,0,0,0,PASS
Sample_218,I.3.Les API REST ,0,0,0,0,PASS
Sample_219,I.3.1. Vue globale ,0,0,0,0,PASS
Sample_220,Les API REST (Representational State Transfer) sont un ensemble de principes ,0,0,0,0,PASS
Sample_221,architecturaux qui permettent la conception de services Web évolutifs,0,0,0,0,PASS
Sample_222,dans sa thèse de doctorat en 2000. Les API REST sont largement utilisées dans le ,0,0,0,0,PASS
Sample_223,développement d'applications modernes,0,0,0,0,PASS
Sample_224,• Interopérabilité : Les API REST sont basées sur des standards ouverts tels que ,0,0,0,0,PASS
Sample_225,HTTP,0,0,0,0,PASS
Sample_226,plates-formes. ,0,0,0,0,PASS
Sample_227,• Scalabilité : Les API REST sont conçues pour être stateless,0,0,0,0,PASS
Sample_228,meilleure gestion de la scalabilité horizontale. Les serveurs peuvent être répliqués ,0,0,0,0,PASS
Sample_229,et les requêtes peuvent être distribuées sans dépendre d'un état côté serveur. ,0,0,0,0,PASS
Sample_230,• Réutilisabilité : Les API REST permettent de concevoir des services Web ,0,0,0,0,PASS
Sample_231,modulaires et réutilisables. Les ressources peuvent être manipulées ,0,0,0,0,PASS
Sample_232,indépendamment les unes des autres,0,0,0,0,PASS
Sample_233,modularité de l'architecture. ,0,0,0,0,PASS
Sample_234,• Gestion de la complexité : Les principes RESTful permettent de gérer la ,0,0,0,0,PASS
Sample_235,complexité des applications en séparant clairement les préoccupations (separation ,0,0,0,0,PASS
Sample_236,of concerns). Cela facilite la maintenance,0,0,0,0,PASS
Sample_237,I.3.2. Principes fondamentaux des API REST ,0,0,0,0,PASS
Sample_238,I.3.2.1. Ressources et identifiants des ressources ,0,0,0,0,PASS
Sample_239,Les API REST sont basées sur le concept de ressources,0,0,0,0,PASS
Sample_240,Exemple :URI d'une ressource utilisateur : /utilisateurs/123 ,0,0,0,0,PASS
Sample_241,Dans cet exemple,0,0,0,0,PASS
Sample_242,I.3.2.2. Verbes http et opérations sur les ressources ,0,0,0,0,PASS
Sample_243,Les API REST utilisent les verbes HTTP pour spécifier les opérations à effectuer sur les ressources. Les verbes HTTP les plus couramment utilisés dans les API REST sont : ,0,0,0,0,PASS
Sample_244,• GET : utilisé pour récupérer une représentation d'une ressource. ,0,0,0,0,PASS
Sample_245,Par exemple,0,0,0,0,PASS
Sample_246,l'utilisateur avec l'identifiant 123. ,0,0,0,0,PASS
Sample_247,• POST : utilisé pour créer une nouvelle ressource. ,0,0,0,0,PASS
Sample_248,Par exemple,0,0,0,0,PASS
Sample_249,• PUT : utilisé pour mettre à jour une ressource existante ou pour créer une ressource ,0,0,0,0,PASS
Sample_250,si elle n'existe pas déjà. ,0,0,0,0,PASS
Sample_251,Par exemple,0,0,0,0,PASS
Sample_252,l'utilisateur avec l'identifiant 123. ,0,0,0,0,PASS
Sample_253,• DELETE : utilisé pour supprimer une ressource. ,0,0,0,0,PASS
Sample_254,Par exemple,0,0,0,0,PASS
Sample_255,avec l'identifiant 123. ,0,0,0,0,PASS
Sample_256,I.3.2.3. Représentation des ressources ,0,0,0,0,PASS
Sample_257,La représentation des ressources constitue un aspect fondamental des API REST. Elle se réfère à la manière dont les données sont structurées et formatées dans les réponses de l'API. Les formats couramment utilisés pour représenter les ressources sont JSON (JavaScript Object Notation) et XML (eXtensible Markup Language).  ,0,0,0,0,PASS
Sample_258,Parmi ces formats,0,0,0,0,PASS
Sample_259,Par exemple,0,0,0,0,PASS
Sample_260,} ,0,0,0,0,PASS
Sample_261,I.3.2.4. Composants clés du corps d'une requête et d'une réponse dans une API REST ,0,0,0,0,PASS
Sample_262,1. Requête vers l’API : ,0,0,0,0,PASS
Sample_263,Lors de l'envoi d'une requête vers une API REST,0,0,0,0,PASS
Sample_264,les données que vous souhaitez envoyer au serveur. Voici les éléments essentiels qui doivent être présents dans une requête vers une API : ,0,0,0,0,PASS
Sample_265,• Méthode HTTP : L'une des méthodes HTTP standard doit être spécifiée,0,0,0,0,PASS
Sample_266,spécifique et indique l'opération à effectuer sur la ressource. Cfr le point I.3.2.2 ,0,0,0,0,PASS
Sample_267,• En-têtes (Headers) : Les en-têtes HTTP fournissent des informations ,0,0,0,0,PASS
Sample_268,supplémentaires sur la requête. Ils peuvent inclure des informations telles que ,0,0,0,0,PASS
Sample_269,l'authentification,0,0,0,0,PASS
Sample_270,• Paramètres de requête (Query Parameters) : Les paramètres de requête sont ,0,0,0,0,PASS
Sample_271,utilisés pour spécifier des valeurs supplémentaires dans l'URL de la requête. Ils sont ,0,0,0,0,PASS
Sample_272,généralement utilisés pour filtrer,0,0,0,0,PASS
Sample_273,requête sont ajoutés à l'URL après un point d'interrogation (?),0,0,0,0,PASS
Sample_274,par des ampersands (&). ,0,0,0,0,PASS
Sample_275,• Corps de la requête (Request Body) : Le corps de la requête est utilisé pour ,0,0,0,0,PASS
Sample_276,envoyer des données supplémentaires avec la requête. Il est principalement utilisé ,0,0,0,0,PASS
Sample_277,avec les méthodes POST,0,0,0,0,PASS
Sample_278,2. Réponse d'une API : ,0,0,0,0,PASS
Sample_279,Lorsqu'une API REST renvoie une réponse,0,0,0,0,PASS
Sample_280,éléments importants : ,0,0,0,0,PASS
Sample_281,• Code de statut (Status Code) : Les codes de statut HTTP sont des valeurs ,0,0,0,0,PASS
Sample_282,numériques renvoyées par le serveur pour indiquer le résultat d'une requête. ,0,0,0,0,PASS
Sample_283,Voici quelques codes de statuts couramment utilisés et leurs importances : ,0,0,0,0,PASS
Sample_284,o 200 OK : La requête a été réussie. ,0,0,0,0,PASS
Sample_285,o 201 Created : La ressource a été créée avec succès. ,0,0,0,0,PASS
Sample_286,o 204 No Content : La requête a été réussie,0,0,0,0,PASS
Sample_287,renvoyer. ,0,0,0,0,PASS
Sample_288,o 400 Bad Request : La requête est mal formée ou contient des paramètres ,0,0,0,0,PASS
Sample_289,invalides. ,0,0,0,0,PASS
Sample_290,o 401 Unauthorized : L'accès à la ressource est refusé en raison d'une absence ,0,0,0,0,PASS
Sample_291,ou d'une invalidité d'authentification. ,0,0,0,0,PASS
Sample_292,o 403 Forbidden : L'accès à la ressource est refusé même avec une ,0,0,0,0,PASS
Sample_293,authentification valide. ,0,0,0,0,PASS
Sample_294,o 404 Not Found : La ressource demandée n'a pas été trouvée. ,0,0,0,0,PASS
Sample_295,o 500 Internal Server Error : Une erreur interne s'est produite du côté du ,0,0,0,0,PASS
Sample_296,serveur. ,0,0,0,0,PASS
Sample_297,• En-têtes de réponse (Response Headers) : Les en-têtes de réponse fournissent des ,0,0,0,0,PASS
Sample_298,informations supplémentaires sur la réponse renvoyée par le serveur. Ils peuvent ,0,0,0,0,PASS
Sample_299,inclure des informations telles que le type de contenu de la réponse,0,0,0,0,PASS
Sample_300,de la réponse,0,0,0,0,PASS
Sample_301,• Corps de la réponse (Response Body) : Le corps de la réponse contient les données ,0,0,0,0,PASS
Sample_302,renvoyées par le serveur dans le format spécifié dans les en-têtes de réponse ,0,0,0,0,PASS
Sample_303,(Content-Type). Le format couramment utilisé pour le corps de la réponse est JSON,0,0,0,0,PASS
Sample_304,mais il peut également être XML,0,0,0,0,PASS
Sample_305,peut contenir des informations sur la ressource demandée,0,0,0,0,PASS
Sample_306,des métadonnées,0,0,0,0,PASS
Sample_307,I.3.3. Architecture et Conception des API REST ,0,0,0,0,PASS
Sample_308,I.3.3.1. Modélisation des ressources et des relations ,0,0,0,0,PASS
Sample_309,La modélisation des ressources et des relations est un aspect fondamental de la conception des API REST (Representational State Transfer). Elle consiste à définir les ressources nécessaires pour représenter les données manipulées par l'API et à établir les relations entre ces ressources. ,0,0,0,0,PASS
Sample_310,Définition des ressources : La première étape de la modélisation consiste à identifier les entités principales que l'API va gérer. Une ressource représente une entité du système,0,0,0,0,PASS
Sample_311,Structure des données : Une fois les ressources identifiées,0,0,0,0,PASS
Sample_312,déterminer la structure des données associées à chaque ressource. Cela peut être ,0,0,0,0,PASS
Sample_313,réalisé à l'aide de modèles de données tels que les schémas JSON ou les schémas ,0,0,0,0,PASS
Sample_314,XML. Les schémas permettent de définir les attributs et les types de données de ,0,0,0,0,PASS
Sample_315,chaque ressource,0,0,0,0,PASS
Sample_316,ressources.,0,0,0,0,PASS
Sample_317,Relations entre les ressources : Les ressources peuvent être liées entre elles par des relations. Par exemple,0,0,0,0,PASS
Sample_318,I.3.3.2. Gestion des erreurs et des codes de statut HTTP ,0,0,0,0,PASS
Sample_319,La gestion des erreurs et des codes de statut HTTP est un aspect crucial pour assurer la fiabilité et la robustesse des API REST. Les codes de statut HTTP fournissent des informations sur l'état de la requête et de la réponse,0,0,0,0,PASS
Sample_320,I.3.3.3. Sécurité et authentification dans les API REST ,0,0,0,0,PASS
Sample_321,La sécurité et l'authentification sont des aspects essentiels lors de la conception d'API REST,0,0,0,0,PASS
Sample_322,Voici quelques concepts importants à considérer : ,0,0,0,0,PASS
Sample_323,1. Authentification : ,0,0,0,0,PASS
Sample_324,L'authentification permet de vérifier l'identité d'un utilisateur ou d'une application qui accède à l'API. Il existe différentes méthodes d'authentification,0,0,0,0,PASS
Sample_325,• Basic Authentication : L'utilisateur envoie ses identifiants (nom d'utilisateur et mot de passe) dans l'en-tête de la requête. Cependant,0,0,0,0,PASS
Sample_326,• Token-based Authentication : L'utilisateur obtient un jeton d'authentification ,0,0,0,0,PASS
Sample_327,lorsqu'il se connecte avec succès. Ce jeton est ensuite inclus dans les en-têtes de ,0,0,0,0,PASS
Sample_328,toutes les requêtes ultérieures pour prouver son identité. ,0,0,0,0,PASS
Sample_329,• OAuth : Il s'agit d'un protocole d'autorisation permettant aux utilisateurs de partager des informations restreintes avec des applications tierces sans divulguer leurs identifiants de connexion. OAuth utilise des jetons d'accès pour authentifier les demandes.,0,0,0,0,PASS
Sample_330,2. Autorisation : ,0,0,0,0,PASS
Sample_331,Une fois qu'un utilisateur est authentifié,0,0,0,0,PASS
Sample_332,3. Sécurité des données : ,0,0,0,0,PASS
Sample_333,Outre l'authentification et l'autorisation,0,0,0,0,PASS
Sample_334,données transitant entre le client et le serveur. Cela peut être réalisé en utilisant des protocoles de communication sécurisés tels que HTTPS (HTTP sécurisé) qui chiffrent les données échangées.,0,0,0,0,PASS
Sample_335,I.3.3.4. Bonnes pratiques de conception des API REST ,0,0,0,0,PASS
Sample_336,Pour concevoir des API REST efficaces et faciles à utiliser,0,0,0,0,PASS
Sample_337,Voici quelques principes clés à considérer : ,0,0,0,0,PASS
Sample_338,1. Utilisation des verbes HTTP : ,0,0,0,0,PASS
Sample_339,Les API REST utilisent les verbes HTTP (GET,0,0,0,0,PASS
Sample_340,indiquer l'action à effectuer sur une ressource. Il est important de respecter les ,0,0,0,0,PASS
Sample_341,conventions d'utilisation des verbes HTTP pour chaque type d'opération. Par exemple,0,0,0,0,PASS
Sample_342,2. Utilisation des URI significatifs : ,0,0,0,0,PASS
Sample_343,Les URI (Uniform Resource Identifier) doivent être significatifs et intuitifs. Il est ,0,0,0,0,PASS
Sample_344,recommandé d'utiliser des noms de ressources au singulier plutôt qu'au pluriel,0,0,0,0,PASS
Sample_345,d'éviter les verbes dans les URI. ,0,0,0,0,PASS
Sample_346,Par exemple,0,0,0,0,PASS
Sample_347,Les URI doivent également être cohérents et prévisibles pour faciliter la navigation dans l'API. ,0,0,0,0,PASS
Sample_348,3. Versioning de l'API : ,0,0,0,0,PASS
Sample_349,Lorsque des changements majeurs sont apportés à une API,0,0,0,0,PASS
Sample_350,4. Pagination des résultats : ,0,0,0,0,PASS
Sample_351,Lorsqu'une liste de ressources est renvoyée en réponse à une requête,0,0,0,0,PASS
Sample_352,recommandé de mettre en place un mécanisme de pagination pour limiter la quantité de données renvoyées à la fois. Cela permet d'améliorer les performances de l'API et de faciliter la manipulation des résultats par les clients. ,0,0,0,0,PASS
Sample_353,5. Documentation complète : ,0,0,0,0,PASS
Sample_354,Une documentation complète et précise est essentielle pour permettre aux ,0,0,0,0,PASS
Sample_355,développeurs d'utiliser correctement l'API. Elle doit fournir des informations sur les ressources disponibles,0,0,0,0,PASS
Sample_356,I.3.3.5. Technologies courantes de développement des API REST ,0,0,0,0,PASS
Sample_357,1. Langages de programmation : ,0,0,0,0,PASS
Sample_358,• JavaScript : Langage de programmation largement utilisé pour le développement web,0,0,0,0,PASS
Sample_359,• Python : Python est un langage polyvalent qui offre plusieurs frameworks ,0,0,0,0,PASS
Sample_360,populaires pour le développement d'API REST,0,0,0,0,PASS
Sample_361,Framework,0,0,0,0,PASS
Sample_362,• Ruby : Ruby est le langage de programmation utilisé dans le framework Ruby on Rails,0,0,0,0,PASS
Sample_363,• Java : Java est un langage populaire pour le développement d'API REST,0,0,0,0,PASS
Sample_364,frameworks tels que Spring Boot et JAX-RS sont couramment utilisés. ,0,0,0,0,PASS
Sample_365,• C# : C# est utilisé avec le framework ASP.NET pour développer des API REST,0,0,0,0,PASS
Sample_366,écosystème. ,0,0,0,0,PASS
Sample_367,2. Outils de documentation et de test : ,0,0,0,0,PASS
Sample_368,• Swagger (OpenAPI) : Un outil populaire pour la documentation des API REST. Il permet de décrire les ressources,0,0,0,0,PASS
Sample_369,réponses attendues. Il facilite également la génération automatique de la ,0,0,0,0,PASS
Sample_370,documentation interactive et fournit des fonctionnalités pour tester les API. ,0,0,0,0,PASS
Sample_371,• Postman : Une application qui facilite le test et le débogage des API REST. Il ,0,0,0,0,PASS
Sample_372,permet d'envoyer des requêtes HTTP personnalisées,0,0,0,0,PASS
Sample_373,gérer les environnements de test et d'automatiser les tests API. ,0,0,0,0,PASS
Sample_374,I.4.Les Systèmes de paiement en ligne ,0,0,0,0,PASS
Sample_375,I.4.1. Définition ,0,0,0,0,PASS
Sample_376,Les systèmes de paiement en ligne sont des solutions électroniques sécurisées qui ,0,0,0,0,PASS
Sample_377,permettent aux utilisateurs d'effectuer des transactions monétaires via Internet. Ces ,0,0,0,0,PASS
Sample_378,systèmes offrent aux consommateurs et aux commerçants des moyens pratiques,0,0,0,0,PASS
Sample_379,I.4.2. Moyens de paiement en ligne ,0,0,0,0,PASS
Sample_380,I.4.2.1. Les cartes ,0,0,0,0,PASS
Sample_381,Les cartes de crédit et de débit sont des moyens de paiement en ligne largement utilisés. Elles offrent aux utilisateurs une méthode sécurisée et pratique pour effectuer des paiements en ligne. Les cartes de crédit sont émises par des banques et des institutions financières. Elles permettent aux utilisateurs de dépenser jusqu'à une limite de crédit prédéfinie. Les transactions effectuées avec une carte de crédit sont facturées à l'utilisateur et doivent être remboursées selon les termes et conditions établis. Les cartes de débit sont liées à un compte bancaire et permettent aux utilisateurs de dépenser les fonds disponibles dans ce compte. Les paiements effectués avec une carte de débit sont déduits directement du solde du compte. Voici quelques exemples de cartes de crédit et débit les plus utilisées : ,0,0,0,0,PASS
Sample_382,• Visa : Visa est l'une des principales marques de cartes de paiement au niveau ,0,0,0,0,PASS
Sample_383,mondial. Elle propose des cartes de crédit et de débit qui sont acceptées dans de ,0,0,0,0,PASS
Sample_384,nombreux pays et sur de nombreux sites de commerce électronique. Les cartes Visa offrent des fonctionnalités de sécurité avancées,0,0,0,0,PASS
Sample_385,Figure I-1: Illustration carte visa ,0,0,0,0,PASS
Sample_386,• Mastercard : Mastercard est une autre marque de carte de paiement largement ,0,0,0,0,PASS
Sample_387,reconnue. Elle propose des cartes de crédit et de débit qui sont acceptées à l'échelle ,0,0,0,0,PASS
Sample_388,mondiale. Les cartes Mastercard offrent également des fonctionnalités de sécurité ,0,0,0,0,PASS
Sample_389,avancées pour protéger les utilisateurs lors des transactions en ligne.[B1] ,0,0,0,0,PASS
Sample_390,Figure I-2: Illustration carte Mastercard ,0,0,0,0,PASS
Sample_391,• American Express (Amex) : American Express est une société de services ,0,0,0,0,PASS
Sample_392,financiers qui émet des cartes de crédit et de débit,0,0,0,0,PASS
Sample_393,clientèle aisée. Les cartes American Express offrent des avantages exclusifs tels que ,0,0,0,0,PASS
Sample_394,des programmes de récompenses et des services de conciergerie. ,0,0,0,0,PASS
Sample_395,Figure I-3: Illustration carte Amex ,0,0,0,0,PASS
Sample_396,• Discover : Discover est une société de services financiers basée aux États-Unis. Elle propose des cartes de crédit et de débit qui sont largement acceptées aux États-Unis. Les cartes Discover offrent des programmes de remise en argent et d'autres avantages pour les titulaires de carte. ,0,0,0,0,PASS
Sample_397,Figure I-4: Illustration carte Discover ,0,0,0,0,PASS
Sample_398,• JCB : JCB (Japan Credit Bureau) est une société de services financiers japonaise qui émet des cartes de crédit et de débit. Les cartes JCB sont principalement utilisées au Japon,0,0,0,0,PASS
Sample_399,Figure I-5: Illustration JCB carte ,0,0,0,0,PASS
Sample_400,• UnionPay : UnionPay est un réseau de paiement chinois qui émet des cartes de ,0,0,0,0,PASS
Sample_401,crédit et de débit. Il est largement utilisé en Chine et est également accepté dans de ,0,0,0,0,PASS
Sample_402,nombreux pays à travers le monde. UnionPay est souvent utilisé par les touristes ,0,0,0,0,PASS
Sample_403,chinois pour effectuer des paiements lors de leurs voyages à l'étranger. ,0,0,0,0,PASS
Sample_404,Figure I-6: Illustration Upay Carte ,0,0,0,0,PASS
Sample_405,I.4.2.2. Portefeuilles électroniques : ,0,0,0,0,PASS
Sample_406,Les portefeuilles électroniques sont des systèmes de paiement en ligne qui permettent aux utilisateurs de stocker et de gérer leurs fonds électroniquement. Ils offrent une alternative pratique aux paiements par carte et sont largement utilisés dans les transactions en ligne. ,0,0,0,0,PASS
Sample_407,• PayPal est l'un des portefeuilles électroniques les plus largement utilisés dans le ,0,0,0,0,PASS
Sample_408,monde. Il permet aux utilisateurs de lier leurs comptes bancaires ou leurs cartes de ,0,0,0,0,PASS
Sample_409,crédit/débit à leur compte PayPal. Les utilisateurs peuvent effectuer des paiements ,0,0,0,0,PASS
Sample_410,en ligne en utilisant leur solde PayPal ou en sélectionnant leur source de ,0,0,0,0,PASS
Sample_411,financement préférée. ,0,0,0,0,PASS
Sample_412,• Google Pay est un portefeuille électronique développé par Google. Il permet aux utilisateurs de stocker leurs cartes de crédit/débit dans l'application et de les utiliser pour effectuer des paiements en ligne et en magasin. Google Pay offre également des fonctionnalités de paiement peer-to-peer. ,0,0,0,0,PASS
Sample_413,• Apple Pay est un portefeuille électronique exclusif aux appareils Apple tels que ,0,0,0,0,PASS
Sample_414,l'iPhone et l'Apple Watch. Il utilise la technologie NFC (Near Field Communication) pour permettre aux utilisateurs de payer en magasin et en ligne en utilisant leurs appareils Apple. ,0,0,0,0,PASS
Sample_415,I.4.2.3. Paiements mobiles en RDC : ,0,0,0,0,PASS
Sample_416,En République démocratique du Congo (RDC),0,0,0,0,PASS
Sample_417,• M-Pesa : M-Pesa est un service de paiement mobile populaire en RDC proposé par Vodacom. Les utilisateurs peuvent effectuer des paiements,0,0,0,0,PASS
Sample_418,• Airtel Money : Airtel Money est une plateforme de paiement mobile proposée par Airtel en RDC. Les utilisateurs peuvent créer un compte Airtel Money lié à leur numéro de téléphone mobile et effectuer diverses transactions financières. ,0,0,0,0,PASS
Sample_419,• Orange Money : Orange Money est proposé par Orange en RDC et permet aux ,0,0,0,0,PASS
Sample_420,utilisateurs de créer un compte lié à leur numéro de téléphone mobile pour effectuer des transactions financières telles que les paiements,0,0,0,0,PASS
Sample_421,• Africell Money : Africell Money est une solution de paiement mobile proposée par Africell en RDC. Elle permet aux utilisateurs de réaliser des transactions financières telles que les paiements,0,0,0,0,PASS
Sample_422,I.4.3. Plateformes d’intégration des systèmes de paiement en ligne au sein des applications ,0,0,0,0,PASS
Sample_423,Les plateformes d'intégration des systèmes de paiement en ligne sont des services qui permettent aux développeurs d'ajouter des fonctionnalités de paiement à leurs applications ou sites web. Ces plateformes fournissent des API (interfaces de programmation ,0,0,0,0,PASS
Sample_424,d'applications) et des outils pour faciliter l'intégration des systèmes de paiement,0,0,0,0,PASS
Sample_425,Voici quelques-unes des principales plateformes d'intégration de systèmes de paiement en ligne : ,0,0,0,0,PASS
Sample_426,• Stripe : Stripe est une plateforme de paiement populaire qui permet d'accepter les paiements par carte de crédit et de débit dans plus de 135 devises. Elle offre une API puissante et facile à utiliser,0,0,0,0,PASS
Sample_427,• PayPal : PayPal est une plateforme de paiement en ligne bien connue qui prend en charge les paiements par carte de crédit,0,0,0,0,PASS
Sample_428,portefeuilles électroniques. Elle offre également une API pour faciliter l'intégration des paiements dans les applications. ,0,0,0,0,PASS
Sample_429,• Freshpay : Freshpay est une plateforme d’intégration des paiements mobiles au sein des applications,0,0,0,0,PASS
Sample_430,• FlexPay : FlexPay est une plateforme d'intégration des paiements mobiles au sein des applications,0,0,0,0,PASS
Sample_431,• Zoya Pay : Zoya Pay est une plateforme d'intégration des paiements mobiles conçue pour faciliter les transactions financières au sein des applications. Disponible en RDC,0,0,0,0,PASS
Sample_432,ChatGPT a dit :,0,0,0,0,PASS
Sample_433,ChatGPT,0,0,0,0,PASS
Sample_434,Les Progressive Web Apps (PWA) sont construites en utilisant des technologies web standards qui permettent de combiner les avantages des applications web et des applications mobiles natives. Voici les technologies principales utilisées pour créer des PWA :,0,0,0,0,PASS
Sample_435,1. HTML,0,0,0,0,PASS
Sample_436,Les technologies de base pour toute application web,0,0,0,0,PASS
Sample_437,HTML (HyperText Markup Language) : pour structurer le contenu de la page.,0,0,0,0,PASS
Sample_438,CSS (Cascading Style Sheets) : pour la mise en page et le design de l’application.,0,0,0,0,PASS
Sample_439,JavaScript : pour rendre l’application interactive et gérer les comportements dynamiques de la page.,0,0,0,0,PASS
Sample_440,2. Service Workers,0,0,0,0,PASS
Sample_441,Les Service Workers sont des scripts JavaScript qui s'exécutent en arrière-plan pour permettre des fonctionnalités comme :,0,0,0,0,PASS
Sample_442,Le fonctionnement hors ligne : en interceptant les requêtes réseau et en fournissant des réponses depuis le cache (Cache API).,0,0,0,0,PASS
Sample_443,Les notifications push : pour envoyer des messages aux utilisateurs même lorsque l'application n'est pas ouverte.,0,0,0,0,PASS
Sample_444,La gestion du cache : pour optimiser les performances en stockant des ressources (images,0,0,0,0,PASS
Sample_445,3. App Shell Model,0,0,0,0,PASS
Sample_446,Le App Shell Model est un design pattern utilisé pour PWA qui permet de charger rapidement une version de base de l'application (l'interface utilisateur) en priorité,0,0,0,0,PASS
Sample_447,4. Web App Manifest,0,0,0,0,PASS
Sample_448,Le manifest.json est un fichier JSON qui décrit l’application,0,0,0,0,PASS
Sample_449,Le nom de l’application.,0,0,0,0,PASS
Sample_450,Les couleurs de l'interface.,0,0,0,0,PASS
Sample_451,Les icônes pour l’écran d’accueil.,0,0,0,0,PASS
Sample_452,L'orientation de l'application (portrait ou paysage).,0,0,0,0,PASS
Sample_453,Les écrans de démarrage.,0,0,0,0,PASS
Sample_454,Cela permet aux PWA de s'installer sur l'écran d'accueil de l'utilisateur,0,0,0,0,PASS
Sample_455,5. IndexedDB et Cache API,0,0,0,0,PASS
Sample_456,IndexedDB est une base de données côté client permettant de stocker des données structurées de manière persistante dans le navigateur,0,0,0,0,PASS
Sample_457,Cache API : utilisée par les Service Workers pour stocker et récupérer des ressources web,0,0,0,0,PASS
Sample_458,6. Frameworks et Bibliothèques JavaScript,0,0,0,0,PASS
Sample_459,De nombreux frameworks et bibliothèques JavaScript peuvent être utilisés pour faciliter le développement des PWA,0,0,0,0,PASS
Sample_460,React : un framework JavaScript populaire pour construire des interfaces utilisateur réactives.,0,0,0,0,PASS
Sample_461,Vue.js : un autre framework JavaScript léger et facile à utiliser pour construire des PWA.,0,0,0,0,PASS
Sample_462,Angular : un framework plus complet,0,0,0,0,PASS
Sample_463,Svelte : un framework moderne qui compile les composants en JavaScript optimisé pour de meilleures performances.,0,0,0,0,PASS
Sample_464,7. API Web,0,0,0,0,PASS
Sample_465,Les PWA utilisent plusieurs API web pour améliorer l'expérience utilisateur et ajouter des fonctionnalités avancées :,0,0,0,0,PASS
Sample_466,Geolocation API : pour intégrer des cartes ou la localisation géographique dans l’application.,0,0,0,0,PASS
Sample_467,Push Notifications API : pour envoyer des notifications push aux utilisateurs.,0,0,0,0,PASS
Sample_468,Background Sync API : pour permettre la synchronisation des données lorsque l'utilisateur est en ligne.,0,0,0,0,PASS
Sample_469,Web Payments API : pour intégrer des paiements en ligne directement depuis la PWA.,0,0,0,0,PASS
Sample_470,8. Outils de développement et de déploiement,0,0,0,0,PASS
Sample_471,Workbox : une bibliothèque JavaScript qui facilite l’utilisation des Service Workers et la gestion du cache.,0,0,0,0,PASS
Sample_472,Lighthouse : un outil de Google pour auditer les PWA et vérifier leur performance,0,0,0,0,PASS
Sample_473,PWA Builder : un outil en ligne pour générer un manifeste et une structure de PWA de base.,0,0,0,0,PASS
Sample_474,9. Backend et Serveur,0,0,0,0,PASS
Sample_475,Bien que la PWA soit une application front-end,0,0,0,0,PASS
Sample_476,Node.js avec des frameworks comme Express pour créer des API REST.,0,0,0,0,PASS
Sample_477,GraphQL pour une gestion plus flexible des données.,0,0,0,0,PASS
Sample_478,Firebase : pour des solutions en temps réel,0,0,0,0,PASS
Sample_479,Django ou Flask (Python) pour des applications backend.,0,0,0,0,PASS
Sample_480,En résumé,0,0,0,0,PASS